language,#,;,",",.,/,(,),==,=,+,-,*,&,|,},{,],[,!,<,>,<=,>=,!=,||,&&,(),"""",',?,^,%,boolean,double,if,return,while,break,else,int,static,char,false,new,true,class,for,public,void,abstract,byvalue,case,cast,catch,const,continue,extends,do,default,finalize,final,import,inner,instanceof,interface,long,native,null,operator,outer,package,private,protected,rest,short,super,switch,synchronized,this,throw,throws,transient,try,var,volatile,auto,enum,extern,float,goto,inline,register,restrict,unsigned,signed,sizeof,struct,typedef,union,dynamic_cast,explicit,friend,namespace,typeid,typename,and,as,assert,def,elif,del,from,global,in,is,lambda,None,not,or,pass,raise,yield,asr,begin,fun,function,functor,inherit,initializer,land,match,let,module,mutable,rec,nonrec,of,sig,then,virtual,print,cout,cin,printf,scanf,input,print_endline,System.out.println,System.out.print
ocaml,4,197,107,433,78,276,276,0,184,3,227,252,29,148,9,9,15,15,18,126,256,0,0,0,1,4,20,477,28,27,3,162,0,0,18,0,0,1,10,3,0,9,8,5,6,62,5,0,0,0,0,0,0,0,0,0,0,4,5,0,0,0,0,0,0,0,0,0,0,0,0,0,0,0,0,3,0,0,2,0,0,0,1,0,0,0,0,0,0,0,0,0,1,0,0,0,1,0,0,0,0,0,0,0,0,35,111,0,5,3,0,0,0,207,61,0,20,23,92,3,0,0,0,26,4,5,0,0,0,0,39,95,5,7,2,0,22,0,17,0,9,0,0,1,0,0,0,0,0
ocaml,0,3,9,25,3,23,23,0,10,0,41,184,0,56,1,1,0,0,0,1,31,0,0,0,0,0,2,58,0,0,2,3,0,0,0,0,0,0,0,6,0,0,0,0,0,0,0,0,0,0,0,0,0,0,0,0,0,0,0,0,0,0,0,0,0,0,0,0,0,0,0,0,0,0,0,0,0,0,0,0,0,0,0,0,0,0,0,0,0,0,0,0,0,0,0,0,0,0,0,0,0,0,0,0,0,0,4,0,0,6,0,0,0,25,3,0,4,0,18,0,0,0,0,0,0,2,0,0,0,0,2,7,0,0,0,0,4,0,0,0,0,0,0,3,0,0,0,0,0
ocaml,0,28,177,95,1,434,434,10,239,4,91,96,0,65,3,3,71,71,0,23,126,1,1,0,1,0,9,386,35,0,7,47,0,0,32,0,0,0,8,46,0,0,5,0,4,34,18,0,0,0,0,0,0,0,0,0,0,4,2,0,0,0,0,0,0,0,0,4,0,0,0,0,0,0,0,5,0,0,0,0,0,0,6,66,0,0,1,0,0,0,0,0,0,0,0,0,7,0,3,0,0,0,0,0,0,4,71,0,11,46,0,0,0,285,69,0,6,8,5,0,1,0,0,17,24,3,0,0,0,0,33,185,7,0,15,0,11,0,10,0,0,0,0,38,0,0,0,0,0
ocaml,38,5,22,121,0,49,49,0,85,0,26,0,0,25,0,0,6,6,0,0,31,0,0,0,0,0,15,54,0,2,0,20,0,0,1,0,0,0,0,0,0,0,0,0,6,2,7,0,0,0,0,0,0,0,0,0,0,0,0,0,0,0,3,0,0,0,0,0,0,0,0,0,0,0,0,0,0,0,0,0,0,0,0,0,0,0,0,0,0,0,0,0,0,0,0,0,0,0,0,0,0,0,0,0,0,0,11,0,0,0,0,0,0,91,32,0,2,0,2,0,0,0,0,0,6,0,0,0,0,0,5,44,0,0,5,0,1,0,1,0,0,0,0,0,0,0,0,0,0
ocaml,5,21,13,63,0,37,37,0,45,0,59,9,0,25,0,0,19,19,5,0,53,0,0,0,0,0,3,100,2,0,4,1,0,0,1,1,0,0,0,1,0,0,0,0,1,1,0,0,0,0,0,0,0,0,0,0,0,4,1,0,0,0,0,0,0,0,0,3,0,0,0,0,0,0,0,0,0,0,0,0,0,0,1,0,0,0,0,15,3,0,0,0,0,0,0,0,0,0,0,0,0,0,0,0,0,0,14,0,1,1,0,0,0,43,13,0,5,0,37,0,0,0,0,2,7,2,0,0,0,0,5,21,0,0,2,0,7,0,1,0,0,0,0,0,0,0,0,0,0
ocaml,50,610,198,847,65,439,439,79,330,85,191,31,4,7,285,285,53,53,15,42,59,0,0,48,2,8,92,98,475,2,7,6,0,0,116,12,1,2,37,2,0,3,35,18,18,11,9,0,0,0,0,0,0,0,2,0,0,31,8,0,0,0,9,0,0,0,0,76,0,0,47,0,0,0,0,1,0,0,318,0,0,0,3,93,0,8,0,0,3,0,2,0,0,0,0,0,1,0,0,0,0,0,0,0,0,83,120,0,16,2,0,13,1,294,352,0,1,0,94,0,0,0,0,0,0,58,0,0,0,0,4,36,26,0,1,0,12,3,0,0,0,0,0,0,0,6,0,0,0
ocaml,0,20,125,72,0,315,315,1,162,3,88,46,0,63,3,3,45,45,1,20,110,0,0,0,1,0,1,198,38,0,7,28,0,0,27,0,0,0,8,24,0,0,4,2,3,32,13,0,0,0,0,0,0,0,0,0,0,4,2,0,0,0,0,0,0,0,0,4,0,0,0,0,0,0,0,4,0,0,0,0,0,0,6,47,0,0,1,0,0,0,0,0,0,0,0,0,8,0,3,0,0,0,0,0,0,4,63,0,9,24,0,0,0,180,73,0,5,8,16,0,1,0,0,17,25,3,0,0,0,0,29,123,8,0,16,0,12,0,10,0,0,0,0,17,0,0,0,0,0
c++,82,158,47,93,120,104,104,0,103,2,6,2,0,0,51,51,60,60,0,4,5,0,0,0,0,0,48,316,5,0,0,12,0,0,17,5,0,0,2,13,1,46,0,0,0,0,11,0,39,0,0,0,0,0,47,0,0,1,2,0,0,0,0,0,0,0,0,0,0,0,0,0,0,0,0,0,0,0,1,0,0,0,7,0,0,0,0,1,21,0,0,2,0,0,0,0,1,0,0,0,0,0,0,0,0,1,19,0,10,13,3,0,0,141,19,0,1,12,31,0,0,0,0,0,0,0,0,0,0,0,0,0,0,0,4,0,11,0,0,0,0,0,0,0,0,0,0,0,0
c++,5,17,134,10,41,85,85,0,64,0,1,36,0,9,15,15,0,0,0,132,0,0,0,0,0,0,0,2,0,0,0,0,0,0,3,0,0,0,0,0,0,0,0,0,0,0,4,0,0,0,0,0,0,0,0,0,0,1,1,0,0,0,0,0,2,0,0,0,0,0,0,0,0,0,0,0,0,0,3,0,0,0,0,0,0,0,16,0,0,0,0,0,0,0,0,0,0,15,0,0,0,0,0,0,0,5,4,0,20,0,0,1,0,14,17,0,0,3,4,0,0,0,0,0,0,0,0,0,0,0,0,0,0,0,0,0,5,0,0,0,0,0,0,0,0,0,0,0,0
c++,174,0,22,4,6,2,2,0,0,0,0,42,0,0,0,0,0,0,0,0,0,0,0,0,0,0,0,4,0,0,0,0,0,0,1,0,0,0,0,0,0,1,0,0,0,0,0,0,0,0,0,0,0,0,1,0,0,2,0,0,0,0,0,0,0,0,0,0,0,0,0,0,0,0,0,0,0,0,2,0,0,0,0,0,0,0,0,0,0,0,0,0,1,0,0,0,0,0,0,0,0,0,0,0,0,4,1,0,173,0,0,1,0,181,8,0,0,2,5,0,0,0,0,0,0,0,0,0,0,0,0,0,0,0,0,0,5,0,0,0,0,0,0,0,0,0,0,0,0
c++,4,11,23,7,10,2,2,0,11,0,1,57,0,0,0,0,0,0,0,0,0,0,0,0,0,0,0,22,0,0,0,0,0,0,4,0,0,0,0,4,11,10,0,0,0,0,0,0,0,0,0,0,0,0,20,0,0,2,0,0,0,0,0,0,0,0,0,0,0,0,0,0,0,0,0,0,0,0,2,0,0,0,1,0,0,0,0,0,6,0,0,0,1,0,0,0,0,0,0,0,0,0,0,0,0,4,1,0,3,4,0,0,0,21,10,0,0,2,9,0,0,0,0,0,0,0,0,0,0,0,0,0,0,0,0,0,5,0,0,0,0,0,0,0,0,0,0,0,0
c++,3,107,21,11,73,4,4,0,0,0,1,0,0,0,2,2,0,0,0,0,0,0,0,0,0,0,0,2,0,0,0,0,0,0,20,0,1,0,0,93,0,0,0,0,0,0,20,0,0,0,0,0,0,0,0,0,0,3,0,0,0,0,0,0,0,0,0,0,0,0,0,0,0,0,0,0,0,0,3,0,0,0,10,0,0,0,0,0,0,0,0,0,0,0,0,0,2,0,0,0,0,0,0,0,0,5,3,0,2,93,0,1,0,124,15,0,0,2,29,0,0,0,0,0,0,0,0,0,0,0,0,0,0,0,0,0,6,0,0,0,0,0,0,0,0,0,0,0,0
c++,7,2,13,10,40,1,1,0,9,0,1,0,0,0,2,2,0,0,0,0,0,0,0,0,0,0,0,6,0,0,0,0,0,0,7,0,0,0,0,1,0,0,0,0,0,0,2,0,0,0,0,0,0,0,0,0,0,0,0,0,0,0,0,0,0,0,0,1,0,0,0,0,0,0,0,0,0,0,1,0,0,0,0,0,0,0,1,1,0,0,0,0,0,0,0,0,0,1,0,0,0,0,0,0,0,1,1,0,5,1,0,0,0,9,5,0,0,1,10,0,0,0,0,0,0,0,0,0,0,0,0,0,0,0,0,0,3,0,0,0,0,0,0,0,0,0,0,0,0
c++,0,1,0,0,0,0,0,0,1,0,0,0,0,0,0,0,0,0,0,0,0,0,0,0,0,0,0,0,0,0,0,0,0,0,0,0,0,0,0,0,0,0,0,0,0,0,0,0,0,0,0,0,0,0,0,0,0,0,0,0,0,0,0,0,0,0,0,0,0,0,0,0,0,0,0,0,0,0,0,0,0,0,0,0,0,0,0,0,0,0,0,0,0,0,0,0,0,0,0,0,0,0,0,0,0,0,0,0,0,0,0,0,0,0,0,0,0,0,0,0,0,0,0,0,0,0,0,0,0,0,0,0,0,0,0,0,0,0,0,0,0,0,0,0,0,0,0,0,0
c++,4,18,16,15,37,12,12,0,7,0,2,1,0,0,3,3,0,0,0,2,2,0,0,1,0,0,4,26,0,0,0,0,0,0,2,2,0,0,0,2,0,1,0,0,0,0,1,0,1,0,0,0,0,0,1,0,0,0,0,0,0,0,0,0,0,0,0,0,0,0,0,0,0,0,0,0,0,0,2,0,0,0,0,0,0,0,0,0,0,0,0,0,0,0,0,0,0,0,0,0,0,0,0,0,0,1,6,2,1,2,0,0,0,19,6,0,0,2,8,0,0,0,0,0,0,0,0,0,0,0,0,0,0,0,0,0,2,0,0,0,0,0,0,0,0,0,0,0,0
c++,17,38,470,23,933,4,4,0,456,0,5,940,0,0,7,7,0,0,3,1,1,0,0,0,0,1,0,8,1,0,0,0,0,1,16,0,0,0,0,7,0,0,0,0,0,0,2,0,0,0,0,0,0,0,0,0,0,1,0,0,0,0,0,0,1,6,1,0,0,0,0,1,0,0,0,0,0,0,3,0,0,0,0,0,0,0,2,1,0,0,0,0,0,2,0,0,3,2,5,0,0,0,0,0,0,3,4,0,12,7,0,0,0,32,24,0,0,1,17,0,0,0,0,0,0,1,0,0,0,0,0,5,0,0,1,0,13,0,0,0,0,0,0,0,0,0,0,0,0
c++,1,1,0,1,0,0,0,0,0,0,0,0,0,0,0,0,0,0,0,0,0,0,0,0,0,0,0,2,0,0,0,0,0,0,0,0,0,0,0,0,0,0,0,0,0,0,0,0,0,0,0,0,0,0,0,0,0,0,0,0,0,0,0,0,0,0,0,0,0,0,0,0,0,0,0,0,0,0,0,0,0,0,0,0,0,0,0,0,1,0,0,0,0,0,0,0,0,0,0,0,0,0,0,0,0,0,0,0,0,0,0,0,0,1,0,0,0,0,0,0,0,0,0,0,0,0,0,0,0,0,0,0,0,0,0,0,0,0,0,0,0,0,0,0,0,0,0,0,0
c++,11,1,4,16,45,1,1,0,0,0,2,0,0,0,0,0,0,0,0,3,3,0,0,0,0,0,0,4,0,0,0,0,0,0,5,0,0,0,1,0,0,0,0,0,0,0,1,0,0,0,0,0,0,0,1,0,0,1,0,0,0,0,0,0,0,0,0,0,0,0,0,0,0,0,0,0,0,0,1,0,0,0,0,0,0,0,0,0,0,0,0,0,0,0,0,0,0,0,0,0,0,0,0,0,0,1,1,0,6,0,0,0,0,14,7,0,0,1,4,0,0,0,0,0,0,0,0,0,0,0,0,0,0,0,0,0,4,0,0,0,0,0,0,0,0,0,0,0,0
c++,3,44,24,7,4,54,54,2,20,14,0,28,0,0,14,14,14,14,6,6,2,0,0,2,0,0,0,18,0,0,0,0,0,5,12,10,0,0,0,17,0,0,0,0,0,8,4,0,0,0,0,0,0,0,0,0,0,5,0,0,0,0,0,0,0,0,0,0,0,0,0,0,0,0,0,0,0,0,0,0,0,0,0,0,0,0,0,0,0,0,0,0,0,0,0,2,0,0,0,0,0,0,0,0,0,0,8,0,0,17,0,2,0,36,3,0,0,0,20,0,0,0,0,0,0,0,0,0,0,0,0,0,0,0,0,0,10,0,0,0,0,0,0,8,0,0,0,0,0
c++,25,159,41,10,34,36,36,0,0,0,1,83,0,0,6,6,0,0,0,2,2,0,1,0,0,0,3,8,0,0,0,0,0,0,35,0,2,0,1,111,0,13,0,0,0,0,28,0,13,0,0,0,0,0,18,0,0,2,4,1,0,1,0,0,1,0,0,0,0,0,0,0,0,0,0,0,0,0,2,0,0,0,10,6,0,0,0,1,1,0,0,0,0,5,0,0,9,10,0,0,0,0,0,0,0,8,6,0,27,111,2,0,0,207,16,0,0,2,29,0,0,0,0,0,6,0,0,0,0,0,0,2,0,0,0,0,9,0,0,0,0,0,0,0,0,13,0,0,0
c++,1,72,64,113,147,78,78,0,1,0,53,181,2,0,4,4,0,0,0,0,0,0,0,0,0,0,1,234,1,0,0,0,0,0,5,3,0,0,0,6,0,0,0,53,0,60,6,0,7,0,0,0,0,0,0,0,0,3,0,0,0,0,0,0,0,2,0,0,0,0,0,0,0,0,1,0,0,0,5,0,0,0,0,0,0,1,0,1,0,0,0,0,0,0,0,1,2,1,0,0,0,0,0,0,0,2,60,0,2,6,0,0,0,82,56,0,0,1,3,0,0,0,0,0,0,1,0,0,0,0,0,0,0,0,1,0,1,0,0,0,0,0,0,0,0,1,0,0,0
c++,0,1,0,0,0,0,0,0,0,0,0,0,0,0,0,0,0,0,0,0,0,0,0,0,0,0,0,0,0,0,0,0,0,0,0,0,0,0,0,0,0,0,0,0,0,0,0,0,0,0,0,0,0,0,0,0,0,0,0,0,0,0,0,0,0,0,0,0,0,0,0,0,0,0,0,0,0,0,0,0,0,0,0,0,0,0,0,0,1,0,0,0,0,0,0,0,0,0,0,0,0,0,0,0,0,0,0,0,0,0,0,0,0,0,0,0,0,0,0,0,0,0,0,0,0,0,0,0,0,0,0,0,0,0,0,0,0,0,0,0,0,0,0,0,0,0,0,0,0
c++,2,1,0,2,0,0,0,0,0,0,0,0,0,0,0,0,0,0,0,0,0,0,0,0,0,0,0,4,0,0,0,0,0,0,0,0,0,0,0,0,0,0,0,0,0,0,0,0,0,0,0,0,0,0,0,0,0,0,0,0,0,0,0,0,0,0,0,0,0,0,0,0,0,0,0,0,0,0,0,0,0,0,0,0,0,0,0,0,1,0,0,0,0,0,0,0,0,0,0,0,0,0,0,0,0,0,0,0,0,0,0,0,0,2,0,0,0,0,0,0,0,0,0,0,0,0,0,0,0,0,0,0,0,0,0,0,0,0,0,0,0,0,0,0,0,0,0,0,0
c++,4,2,20,10,69,3,3,0,0,0,0,2,0,0,0,0,0,0,0,0,0,0,0,0,0,0,0,4,0,0,0,0,0,0,4,0,0,0,0,0,0,0,0,0,0,0,2,0,0,0,0,0,0,0,0,0,0,2,0,0,0,0,0,0,0,0,0,0,0,0,0,0,0,0,0,0,0,0,3,0,0,0,0,0,0,0,0,0,0,0,0,0,0,0,0,0,0,0,0,0,0,0,0,0,0,5,0,0,2,0,0,1,0,11,12,0,0,2,7,0,0,0,0,0,0,0,0,0,0,0,0,0,0,0,0,0,6,0,0,0,0,0,0,0,0,0,0,0,0
c++,26,69,286,188,521,56,56,0,19,0,49,42,1,4,11,11,1,1,0,4,4,0,0,0,0,0,5,28,9,0,0,0,0,0,66,11,0,0,0,42,0,28,3,2,1,0,60,0,36,0,0,4,1,0,41,0,0,4,18,0,0,0,0,0,0,2,0,10,0,0,0,0,0,0,0,0,0,0,15,0,0,0,21,8,0,10,7,1,1,0,0,4,0,2,2,0,4,12,0,0,4,0,0,0,0,48,90,0,42,42,1,8,0,368,74,0,0,16,73,6,0,0,0,0,0,14,0,0,0,0,0,1,5,0,0,0,74,3,2,0,0,0,2,0,0,10,0,0,0
c++,4,3,105,7,22,2,2,0,84,0,1,48,0,0,1,1,0,0,0,0,0,0,0,0,0,0,0,4,1,0,0,0,0,0,4,0,0,0,0,2,2,1,0,0,0,0,0,0,0,0,0,0,0,0,2,0,0,2,0,0,0,0,0,0,0,0,0,0,0,0,0,0,0,0,0,0,0,0,2,0,0,0,1,0,0,0,1,0,0,0,0,0,1,0,0,0,0,0,0,0,0,0,0,0,0,8,1,0,3,2,0,0,0,23,11,0,0,2,16,0,0,0,0,0,0,0,0,0,0,0,0,0,0,0,0,0,5,0,0,0,0,0,0,0,0,0,0,0,0
c++,0,1,0,0,0,0,0,0,0,0,0,0,0,0,0,0,0,0,0,0,0,0,0,0,0,0,0,0,0,0,0,0,0,0,0,0,0,0,0,0,0,0,0,0,0,0,0,0,0,0,0,0,0,0,0,0,0,0,0,0,0,0,0,0,0,0,0,0,0,0,0,0,0,0,0,0,0,0,0,0,0,0,0,0,0,0,0,0,1,0,0,0,0,0,0,0,0,0,0,0,0,0,0,0,0,0,0,0,0,0,0,0,0,0,0,0,0,0,0,0,0,0,0,0,0,0,0,0,0,0,0,0,0,0,0,0,0,0,0,0,0,0,0,0,0,0,0,0,0
c++,1,1,0,1,0,0,0,0,0,0,0,0,0,0,0,0,0,0,0,0,0,0,0,0,0,0,0,2,0,0,0,0,0,0,0,0,0,0,0,0,0,0,0,0,0,0,0,0,0,0,0,0,0,0,0,0,0,0,0,0,0,0,0,0,0,0,0,0,0,0,0,0,0,0,0,0,0,0,0,0,0,0,0,0,0,0,0,0,1,0,0,0,0,0,0,0,0,0,0,0,0,0,0,0,0,0,0,0,0,0,0,0,0,1,0,0,0,0,0,0,0,0,0,0,0,0,0,0,0,0,0,0,0,0,0,0,0,0,0,0,0,0,0,0,0,0,0,0,0
c++,8,1,7,9,32,4,4,0,0,0,1,0,0,0,0,0,0,0,0,0,0,0,0,0,0,0,0,4,0,0,0,0,0,0,5,0,0,0,1,0,0,0,0,0,0,0,1,0,0,0,0,0,0,0,0,0,0,0,0,0,0,0,0,0,0,0,0,0,0,0,0,0,0,0,0,0,0,0,1,0,0,0,0,0,0,0,0,0,0,0,0,0,0,0,0,0,0,0,0,0,0,0,0,0,0,1,0,0,5,0,0,0,0,8,5,0,0,1,4,0,0,0,0,0,0,0,0,0,0,0,0,0,0,0,0,0,2,0,0,0,0,0,0,0,0,0,0,0,0
c++,9,4,25,20,80,14,14,0,13,0,12,0,0,3,4,4,0,0,0,15,1,0,0,0,0,0,0,6,2,0,0,0,0,0,8,0,0,0,0,2,0,0,0,0,0,0,3,0,0,0,0,0,0,0,0,0,0,1,1,0,0,0,0,0,0,0,0,0,0,0,0,0,0,0,0,0,0,0,1,0,0,0,0,0,0,0,3,1,0,0,0,0,0,0,0,0,0,3,0,0,0,0,0,0,0,4,0,0,9,2,0,1,0,16,6,0,0,2,10,0,0,0,0,0,0,1,0,0,0,0,0,0,0,0,2,0,8,0,0,0,0,0,0,0,0,0,0,0,0
c++,1,0,0,0,0,0,0,0,0,0,0,0,0,0,0,0,0,0,0,0,0,0,0,0,0,0,0,2,0,0,0,0,0,0,0,0,0,0,0,0,0,0,0,0,0,0,0,0,0,0,0,0,0,0,0,0,0,0,0,0,0,0,0,0,0,0,0,0,0,0,0,0,0,0,0,0,0,0,0,0,0,0,0,0,0,0,0,0,0,0,0,0,0,0,0,0,0,0,0,0,0,0,0,0,0,0,0,0,0,0,0,0,0,1,0,0,0,0,0,0,0,0,0,0,0,0,0,0,0,0,0,0,0,0,0,0,0,0,0,0,0,0,0,0,0,0,0,0,0
c++,20,1,4,10,34,10,10,0,0,0,1,0,0,0,0,0,0,0,0,0,0,0,0,0,0,0,0,6,0,0,0,0,0,0,11,0,0,0,4,0,0,0,0,0,0,0,1,0,0,0,0,0,0,0,0,0,0,0,1,0,0,1,0,0,0,0,0,0,0,0,0,0,0,0,0,0,0,0,1,0,0,0,0,0,0,0,0,0,0,0,0,0,0,0,0,0,0,0,0,0,0,0,0,0,0,1,0,0,12,0,0,0,0,15,6,0,0,1,5,0,0,0,0,0,0,0,0,0,0,0,0,0,0,0,0,0,2,0,0,0,0,0,0,0,0,0,0,0,0
c++,0,1,0,0,0,0,0,0,0,0,0,0,0,0,0,0,0,0,0,0,0,0,0,0,0,0,0,0,0,0,0,0,0,0,0,0,0,0,0,0,0,0,0,0,0,0,0,0,0,0,0,0,0,0,0,0,0,0,0,0,0,0,0,0,0,0,0,0,0,0,0,0,0,0,0,0,0,0,0,0,0,0,0,0,0,0,0,0,1,0,0,0,0,0,0,0,0,0,0,0,0,0,0,0,0,0,0,0,0,0,0,0,0,0,0,0,0,0,0,0,0,0,0,0,0,0,0,0,0,0,0,0,0,0,0,0,0,0,0,0,0,0,0,0,0,0,0,0,0
python,3,0,2,6,0,12,12,8,6,0,0,0,0,0,0,0,1,1,0,0,0,0,0,0,0,0,0,0,34,2,0,0,0,1,4,0,2,0,2,1,0,0,0,0,0,12,5,0,0,0,0,0,0,0,0,0,0,1,0,0,0,0,0,0,0,0,0,0,0,0,0,0,0,0,0,0,0,0,5,0,0,0,0,0,0,0,0,0,0,0,0,0,0,0,0,0,0,0,0,0,0,0,0,0,0,0,27,0,0,1,0,0,0,19,18,0,0,3,7,0,0,0,0,0,0,0,0,0,0,0,0,0,0,0,0,0,2,0,0,0,7,0,0,0,0,6,0,0,0
python,3,0,4,52,0,39,39,15,28,1,0,1,0,0,0,0,5,5,0,0,0,0,0,4,0,0,48,18,6,0,0,0,0,0,1,0,0,0,0,0,0,0,0,1,0,59,1,0,0,0,0,0,0,0,0,0,0,0,0,0,0,2,0,0,0,0,0,0,0,0,0,0,0,0,0,0,0,0,0,0,0,0,0,0,0,0,0,0,0,0,0,0,0,0,0,0,0,0,0,0,0,0,0,0,0,0,133,22,11,0,0,1,0,12,61,0,0,0,2,0,0,0,0,0,0,0,0,0,0,0,0,16,0,0,0,0,2,0,0,0,3,0,0,0,0,0,0,0,0
python,7,1,7,68,7,29,29,0,1,0,1,0,0,0,0,0,0,0,1,0,0,0,0,0,0,0,0,4,10,0,0,0,0,0,6,0,0,0,0,0,0,0,0,0,0,0,2,0,0,0,0,0,0,0,0,0,0,35,0,0,0,2,0,0,0,0,0,0,0,0,0,0,0,2,0,0,0,0,1,0,0,0,0,0,0,0,0,0,0,0,0,0,0,0,0,0,0,0,0,0,0,0,0,0,0,6,32,0,0,0,0,1,0,11,13,0,0,1,5,0,0,0,0,0,0,0,0,0,0,0,0,0,0,0,0,0,2,0,0,0,0,0,0,0,0,0,0,0,0
python,6,0,46,43,0,45,45,1,10,0,0,0,0,0,0,0,1,1,0,0,0,0,0,0,0,0,11,112,2,2,0,0,0,0,5,0,0,0,0,0,0,0,0,0,0,3,0,0,0,0,0,0,0,0,0,0,0,2,0,0,0,2,0,0,0,0,0,0,0,0,0,0,0,0,0,0,0,0,0,0,0,0,0,0,0,0,0,0,0,0,0,0,0,0,0,0,0,0,0,0,0,0,0,0,0,0,45,11,10,0,5,1,0,6,14,0,1,1,9,0,0,0,0,0,0,0,0,2,0,0,0,9,0,0,0,0,0,0,0,0,0,0,0,0,0,0,0,0,0
python,0,0,1,13,0,6,6,0,1,5,0,0,0,0,0,0,0,0,0,0,0,0,0,0,0,0,0,8,0,0,0,0,0,0,0,4,0,0,0,0,0,0,0,0,0,12,0,0,0,0,0,0,0,0,0,0,0,0,0,0,0,1,0,0,0,0,0,0,0,0,0,0,0,0,0,0,0,0,0,0,0,0,0,0,0,0,0,0,0,0,0,0,0,0,0,0,0,0,0,0,0,0,0,0,0,0,13,0,5,0,0,1,0,2,0,0,0,0,2,0,0,0,0,0,0,0,0,0,0,0,0,0,0,0,0,0,0,0,0,0,0,0,0,0,0,0,0,0,0
python,0,39,9,133,72,100,100,2,24,5,72,0,0,0,6,6,5,5,0,11,11,0,2,0,0,1,6,42,188,1,0,0,0,0,1,2,0,0,1,0,0,0,1,5,2,8,5,0,0,0,0,0,0,0,0,0,0,2,0,0,0,0,1,0,0,0,0,0,0,0,0,0,0,0,1,0,0,0,3,0,0,0,0,4,0,0,0,0,0,0,0,0,0,0,0,0,0,0,0,0,0,0,0,0,0,6,48,0,2,0,0,0,0,20,10,0,0,0,3,0,0,0,0,0,0,3,0,0,0,0,1,2,0,0,0,0,0,0,0,0,0,0,0,0,0,0,0,0,0
python,0,0,1,32,0,13,13,0,2,0,0,0,0,0,0,0,9,9,0,0,0,0,0,0,0,0,1,20,20,0,0,0,0,0,0,0,0,0,0,0,0,0,0,0,0,0,0,0,0,0,0,0,0,0,0,0,0,0,0,0,0,2,0,0,0,0,0,0,0,0,0,0,0,0,0,1,0,0,0,0,0,0,0,0,0,0,0,0,0,0,0,0,0,0,0,0,0,0,0,0,0,0,0,0,0,1,9,0,1,0,0,1,0,6,2,0,0,0,5,0,0,0,0,0,0,0,0,0,0,0,0,0,0,0,0,0,0,0,0,0,0,0,0,0,0,0,0,0,0
python,12,0,33,56,0,54,54,1,10,0,0,0,0,0,1,1,0,0,0,0,0,0,0,0,0,0,11,104,2,0,0,0,0,0,4,0,0,0,0,0,0,0,0,0,0,9,0,0,0,0,0,0,0,0,0,0,0,0,0,0,0,3,0,0,0,1,0,0,0,0,0,0,0,0,0,0,0,0,0,0,0,0,0,0,0,0,0,0,0,0,0,0,0,0,0,0,0,0,0,0,0,0,0,0,0,1,86,14,10,0,9,2,0,9,18,0,4,0,14,0,0,0,0,0,0,0,0,0,0,0,0,12,0,0,0,0,0,0,0,0,0,0,0,0,0,0,0,0,0
python,2,1,90,409,0,437,437,0,229,0,0,0,0,0,0,0,0,0,0,0,0,0,0,0,0,0,20,432,0,0,0,0,0,0,12,0,0,0,0,8,0,0,0,0,0,0,0,2,16,0,0,0,0,0,0,0,0,14,0,0,0,1,0,0,0,0,0,0,0,0,0,0,0,0,0,0,0,0,0,0,0,0,0,0,0,0,0,0,0,0,0,0,0,0,0,0,0,0,0,0,0,10,0,0,0,0,234,0,3,8,0,0,0,113,16,0,0,0,0,0,0,0,0,0,0,0,0,0,0,0,0,0,0,0,0,0,0,0,0,0,0,0,0,0,0,0,0,0,0
python,6,0,30,133,7,64,64,18,19,8,4,1,0,0,3,3,6,6,0,7,31,0,0,3,0,0,3,164,4,0,0,0,0,0,5,0,0,0,1,7,1,0,0,0,0,3,5,0,0,0,0,0,0,0,0,0,0,13,0,0,0,2,0,0,0,0,0,0,0,0,0,0,0,0,0,0,0,0,0,0,0,0,0,0,0,0,0,0,0,0,0,0,0,0,0,0,0,0,0,0,0,0,0,0,0,10,26,0,3,7,0,1,0,39,1,0,8,0,7,4,0,0,0,0,0,1,0,0,0,0,0,0,0,0,2,0,0,0,0,0,0,0,0,0,0,0,0,0,0
python,17,0,46,19,0,14,14,0,12,0,0,0,0,0,0,0,0,0,0,0,0,0,0,0,0,0,2,0,86,0,0,0,0,0,0,0,0,0,0,0,0,0,0,0,0,0,0,0,0,0,0,0,0,0,0,0,0,0,0,0,0,2,0,0,0,0,0,0,0,0,0,0,0,0,0,0,0,0,0,0,0,0,0,0,0,0,0,0,0,0,0,0,0,0,0,0,0,0,0,0,0,0,0,0,0,3,10,0,0,0,0,1,0,5,4,0,0,0,0,0,0,0,0,0,0,0,0,0,0,0,0,0,0,0,0,0,0,0,0,0,0,0,0,0,0,0,0,0,0
python,4,0,55,90,0,57,57,13,94,0,0,2,0,0,10,10,0,0,1,0,0,0,0,0,0,0,26,30,22,0,0,0,0,0,1,0,0,0,1,2,0,0,0,1,0,0,2,6,0,0,0,0,0,0,0,0,0,0,0,0,0,5,0,0,0,0,0,0,0,0,0,0,0,0,0,0,0,0,0,0,0,0,0,0,0,0,0,0,0,0,0,0,0,0,0,0,0,0,0,0,0,0,0,0,0,0,9,0,3,2,2,5,0,16,0,0,3,0,24,0,0,0,0,0,0,0,0,0,0,0,0,3,0,0,0,0,6,0,0,0,1,0,0,0,0,13,0,0,0
python,167,4,130,26,0,8,8,0,7,0,20,0,0,0,0,0,4,4,0,0,0,1,1,0,0,0,0,12,30,0,0,0,0,0,2,0,0,0,0,0,0,0,0,0,0,44,1,0,0,0,0,1,0,0,0,0,0,0,0,0,0,0,0,0,0,0,0,6,0,5,0,0,0,0,0,0,0,0,10,0,0,0,0,0,0,0,0,0,0,0,0,0,0,0,0,0,0,0,0,0,0,0,0,0,0,49,74,0,0,0,0,4,0,18,40,0,0,5,0,0,0,0,0,0,0,0,0,0,0,0,0,0,0,0,0,0,0,0,2,0,0,0,0,0,0,0,0,0,0
python,16,0,94,17,0,18,18,0,24,0,0,0,0,0,2,2,22,22,0,0,0,0,0,0,0,0,2,0,168,0,0,0,0,0,0,0,0,0,0,0,0,0,0,1,0,5,2,0,0,0,0,0,0,0,0,0,0,0,0,0,0,2,0,0,0,0,0,0,0,0,0,0,0,0,0,0,0,0,0,0,0,0,0,0,0,0,0,0,0,0,0,0,0,0,0,0,0,0,0,0,0,0,0,0,0,3,23,0,0,0,0,1,0,6,8,0,0,0,4,4,0,0,0,0,0,0,0,0,0,0,0,0,0,0,0,0,0,0,0,0,0,0,0,0,0,0,0,0,0
java,0,86,51,309,73,75,75,0,15,2,2,21,0,0,19,19,4,4,0,4,4,0,0,0,0,0,38,114,0,0,0,0,0,0,1,2,0,0,0,0,2,0,0,5,0,73,4,19,14,0,0,0,0,0,0,0,0,5,0,0,1,14,0,0,0,0,0,2,0,0,1,3,0,0,0,0,0,0,54,5,14,0,0,0,0,0,0,0,0,0,0,0,0,0,0,0,0,0,0,0,0,0,0,0,0,3,208,13,0,0,0,2,0,167,74,0,0,6,41,0,0,0,0,0,0,0,0,0,0,0,0,0,0,0,0,0,2,0,0,0,0,0,0,0,0,0,0,0,0
java,0,105,47,460,21,89,89,0,7,0,1,6,0,0,8,8,0,0,0,0,0,0,0,0,0,0,22,4,6,0,0,0,0,0,41,1,0,0,0,2,4,0,0,3,0,57,4,6,4,0,0,0,0,0,0,0,0,0,0,0,0,58,0,0,10,0,0,1,0,0,1,15,0,0,0,11,0,0,1,0,4,0,15,0,0,0,0,0,0,0,0,2,0,0,0,0,0,0,0,0,0,0,0,0,0,0,129,8,0,2,0,0,0,67,116,0,0,9,57,2,0,0,0,1,0,0,0,0,0,0,0,0,0,0,0,0,0,0,0,0,0,0,0,0,0,0,0,0,0
java,0,82,45,68,8,78,78,0,10,7,38,22,0,0,21,21,1,1,0,3,3,0,0,2,0,0,12,112,0,1,0,0,0,0,6,2,0,0,2,1,1,1,0,2,0,5,6,6,3,0,0,0,0,4,0,0,1,1,0,0,2,7,0,0,0,7,0,5,0,0,1,3,1,0,0,0,0,0,1,0,0,0,4,0,0,0,1,0,0,0,0,0,0,0,0,0,0,0,0,0,0,0,0,0,0,2,49,0,0,1,0,0,0,44,14,0,0,1,24,0,0,0,0,0,0,0,0,0,0,0,0,0,0,0,1,0,8,0,0,0,0,0,0,0,0,0,0,0,0
java,0,141,105,599,32,110,110,0,16,0,3,173,0,0,9,9,0,0,1,5,5,0,0,4,0,2,28,42,0,0,0,0,2,0,9,2,0,0,0,0,0,0,8,14,9,75,3,6,4,0,0,0,0,0,0,0,1,22,0,0,1,22,0,0,0,1,0,4,0,0,1,1,0,0,0,0,0,0,1,0,5,0,1,0,0,0,0,0,0,0,0,0,0,0,0,0,0,0,0,0,0,0,0,0,0,2,159,0,0,0,12,1,0,16,11,0,0,1,19,0,0,0,0,0,1,0,0,0,0,0,0,1,0,0,3,0,7,77,0,0,0,0,0,0,0,0,0,1,0
java,0,70,64,225,21,44,44,0,3,8,6,23,0,2,9,9,2,2,0,0,0,0,0,0,0,0,8,130,1,0,0,0,0,0,2,0,0,0,0,1,1,0,0,2,0,33,18,5,2,0,0,0,0,2,0,0,0,34,0,0,0,30,0,0,0,0,0,0,0,0,1,1,0,0,0,0,0,0,5,0,0,0,2,0,0,0,0,0,0,0,0,0,0,0,0,0,2,0,0,0,0,0,0,0,0,7,64,0,0,1,0,0,0,32,18,0,0,1,83,0,0,0,0,0,0,0,0,0,0,0,0,0,0,0,2,0,8,0,0,0,2,0,0,0,0,4,0,0,0
java,0,28,41,51,68,22,22,0,5,0,0,8,0,0,6,6,1,1,0,0,0,0,0,0,0,0,8,8,0,0,0,0,1,0,0,0,0,0,0,0,3,0,20,2,11,15,2,3,2,0,0,0,0,1,0,0,0,0,0,0,0,0,0,0,0,0,0,0,0,0,1,0,0,0,0,0,0,0,0,0,3,0,1,0,0,0,0,0,0,0,0,0,0,0,0,0,0,0,0,0,0,0,0,0,0,0,33,0,0,0,2,0,0,6,0,0,0,0,0,0,0,0,0,0,0,0,0,0,0,0,0,0,0,0,0,0,0,3,0,0,1,0,0,0,0,0,0,2,0
java,0,30,41,68,62,24,24,0,3,0,4,9,0,0,4,4,1,1,0,0,0,0,0,0,0,0,2,80,0,0,0,0,0,0,1,0,0,0,0,1,1,0,0,1,0,21,3,2,1,0,0,0,0,1,0,0,0,12,0,0,0,4,0,0,0,0,0,0,0,0,0,0,0,0,0,0,0,0,0,0,0,0,1,0,0,2,0,0,0,0,0,0,0,0,0,0,0,0,0,0,0,0,0,0,0,8,50,0,1,1,0,2,0,23,4,0,0,0,22,0,0,0,0,0,0,0,0,0,0,0,1,0,0,0,0,0,5,0,0,0,1,0,0,0,0,3,0,0,0
java,0,190,30,485,108,114,114,0,4,0,71,190,0,0,10,10,0,0,0,0,0,0,0,0,0,0,16,76,0,0,0,0,0,0,19,4,0,2,0,8,5,0,3,2,0,78,3,6,4,1,0,0,0,0,0,0,1,3,3,0,0,78,0,0,0,1,0,1,0,0,1,2,1,0,0,1,0,0,4,0,0,0,1,0,0,3,0,0,0,0,0,0,0,0,2,0,4,0,0,0,0,0,0,0,0,2,179,0,4,8,78,2,0,47,35,0,0,2,139,2,0,0,0,0,0,0,0,0,0,0,0,0,0,0,0,0,7,0,0,0,0,0,0,0,0,0,0,0,0
java,0,36,49,112,19,28,28,0,3,0,3,23,0,0,4,4,1,1,0,0,0,0,0,0,0,0,2,86,0,0,0,0,0,0,2,0,0,0,0,1,1,0,0,1,0,24,4,2,1,0,0,0,0,1,0,0,0,19,0,0,0,7,0,0,0,0,0,0,0,0,1,0,0,0,0,0,0,0,3,0,0,0,1,0,0,0,0,0,0,0,0,0,0,0,0,0,0,0,0,0,0,0,0,0,0,12,60,0,1,1,0,2,0,41,17,0,0,1,53,0,0,0,0,0,0,0,0,0,0,0,1,0,0,0,0,0,13,0,0,0,1,0,2,0,0,7,0,0,0
java,0,48,48,158,21,30,30,0,1,3,3,22,0,2,4,4,1,1,0,0,0,0,0,0,0,0,2,94,1,0,0,0,0,0,1,0,0,0,0,0,1,0,0,1,0,22,17,2,1,0,0,0,0,1,0,0,0,24,0,0,0,22,0,0,0,0,0,0,0,0,1,0,0,0,0,0,0,0,3,0,0,0,1,0,0,0,0,0,0,0,0,0,0,0,0,0,0,0,0,0,0,0,0,0,0,4,44,0,0,0,0,0,0,21,15,0,0,1,49,0,0,0,0,0,0,0,0,0,0,0,0,0,0,0,1,0,11,0,0,0,1,0,0,0,0,4,0,0,0
java,0,25,0,136,54,17,17,0,5,0,0,0,0,0,7,7,0,0,0,0,0,0,0,1,0,0,11,0,0,0,0,0,0,0,1,1,0,0,0,0,2,0,0,2,0,15,0,3,1,0,0,0,0,1,0,0,0,0,0,0,0,17,0,0,0,0,0,2,0,0,1,1,0,0,0,0,0,0,0,0,0,0,1,0,0,0,0,0,0,0,0,0,0,0,0,0,0,0,0,0,0,0,0,0,0,0,30,0,0,0,0,0,0,7,28,0,0,0,14,0,0,0,0,0,0,0,0,0,0,0,0,0,0,0,0,0,0,0,0,0,1,0,0,0,0,0,0,0,0
java,0,104,33,408,66,147,146,0,30,16,3,36,0,0,31,31,0,0,0,0,0,0,0,2,0,0,56,62,5,2,0,0,4,0,13,7,2,0,0,0,1,0,4,12,1,83,5,9,7,0,0,0,0,2,0,0,0,8,1,0,20,29,0,0,0,0,0,3,0,0,1,8,0,0,0,0,0,0,3,1,5,0,3,0,0,1,0,0,0,0,0,0,0,0,0,0,0,0,0,0,0,0,0,0,0,5,169,0,1,0,0,3,0,56,65,0,0,3,57,1,0,0,0,0,0,0,0,0,0,0,0,0,0,0,0,0,5,0,0,0,1,0,0,0,0,0,0,0,0
java,0,37,6,111,12,25,25,0,5,0,2,27,0,0,5,5,0,0,0,0,0,0,0,0,0,0,6,14,0,0,0,0,0,0,1,0,0,0,0,0,2,0,0,2,0,23,2,5,2,0,0,0,0,0,0,0,0,0,0,0,0,13,0,0,0,0,0,0,0,0,1,0,0,0,0,0,0,0,1,0,2,0,0,0,0,0,0,0,0,0,0,0,0,0,0,0,0,0,0,0,0,0,0,0,0,4,45,0,2,0,14,0,0,12,5,0,0,10,47,0,0,0,0,0,0,0,0,0,0,0,0,0,0,0,0,0,3,0,0,0,0,0,0,0,0,0,0,0,0
java,0,1036,66,4345,377,1049,1049,15,108,26,76,1492,0,0,106,106,15,15,4,6,6,0,0,9,4,8,160,214,0,5,0,0,2,0,119,36,6,3,5,9,39,2,1,26,1,894,5,184,8,0,0,0,0,22,0,0,0,278,0,0,2,784,0,0,0,2,0,44,0,0,1,13,0,10,0,0,0,0,1,15,3,0,20,1,0,11,0,0,0,59,0,0,0,0,0,0,0,0,0,0,0,0,0,0,0,51,2249,0,0,9,0,0,0,167,341,0,0,1,656,6,0,0,0,0,3,0,0,0,0,0,0,31,0,0,124,0,13,0,0,0,18,0,2,0,0,0,0,2,0
c,0,0,0,1,9,0,0,0,0,0,0,0,0,0,0,0,0,0,0,0,0,0,0,0,0,0,0,0,0,0,0,0,0,0,0,0,0,0,0,0,0,0,0,0,0,0,0,0,0,0,0,0,0,0,0,0,0,0,0,0,0,0,0,0,0,0,0,0,0,0,0,0,0,0,0,0,0,0,0,0,0,0,0,0,0,0,0,0,0,0,0,0,0,0,0,0,0,0,0,0,0,0,0,0,0,0,0,0,0,0,0,0,0,0,0,0,0,0,0,0,0,0,0,0,0,0,0,0,0,0,0,0,0,0,0,0,0,0,0,0,0,0,0,0,0,0,0,0,0
c,3,0,3,6,39,3,3,0,5,2,0,0,0,0,0,0,4,4,0,0,0,0,0,0,0,0,0,0,0,0,0,0,0,0,2,0,0,0,0,0,0,0,0,0,0,0,0,0,0,0,0,0,0,0,0,0,0,0,0,0,0,0,0,0,0,0,0,0,0,0,0,0,0,0,0,0,0,0,0,0,0,0,0,0,0,0,0,0,0,0,0,0,0,0,0,0,0,0,0,0,0,0,0,0,0,2,0,0,2,0,0,0,0,2,2,0,0,0,2,0,0,0,0,0,0,0,0,0,0,0,0,0,0,0,0,0,2,0,0,0,0,0,0,0,0,0,0,0,0
c,3,1,2,0,2,1,1,0,0,0,0,3,0,0,0,0,1,1,0,0,0,0,0,0,0,0,0,0,0,0,0,0,0,0,2,0,0,0,0,0,0,1,0,0,0,0,0,0,0,0,0,0,0,0,1,0,0,0,0,0,0,0,0,0,0,0,0,0,0,0,0,0,0,0,0,0,0,0,0,0,0,0,0,0,0,0,0,0,0,0,0,0,0,3,0,0,0,0,0,0,0,0,0,0,0,0,0,0,2,0,0,0,0,1,0,0,0,0,1,0,0,0,0,0,0,0,0,0,0,0,0,0,0,0,0,0,0,0,0,0,0,0,0,0,0,0,0,0,0
c,3,1,7,14,76,0,0,0,0,0,0,0,0,0,0,0,0,0,0,0,0,0,0,0,0,0,0,6,3,1,0,0,0,0,3,0,0,0,0,1,0,1,0,0,0,0,2,0,0,0,0,7,0,0,0,0,0,0,1,0,0,0,0,0,0,0,0,0,0,0,0,0,0,0,0,0,1,0,1,0,0,0,0,0,0,1,0,0,0,0,0,0,0,0,0,0,0,0,0,0,0,0,0,0,0,3,9,0,3,1,0,1,0,18,5,0,0,1,9,1,0,0,0,0,0,0,0,0,0,0,0,6,0,0,0,0,5,0,0,0,0,0,0,0,0,6,0,0,0
c,0,70,48,82,76,89,89,0,38,37,37,53,2,0,16,16,6,6,1,16,11,4,1,0,0,0,11,0,0,0,0,0,0,30,14,20,0,1,2,28,0,0,4,0,3,0,11,0,1,0,0,0,0,0,0,0,0,30,0,0,0,0,0,0,0,0,0,0,0,0,0,0,0,0,0,0,0,0,1,0,0,0,0,0,0,0,0,0,0,0,0,0,0,0,0,0,1,0,0,0,0,0,0,0,0,0,0,0,5,28,0,0,0,40,1,0,0,0,9,0,0,0,0,0,0,1,0,0,0,0,0,0,0,0,0,0,1,0,0,0,0,0,0,0,0,0,0,0,0
c,3,0,33,17,70,2,2,0,0,1,0,0,0,0,1,1,0,0,0,0,0,0,0,0,0,0,1,53,0,1,0,0,0,0,7,0,0,0,0,5,0,0,0,0,0,0,2,0,0,0,0,3,0,0,0,0,0,1,0,0,0,0,0,0,0,0,0,0,0,0,0,0,0,1,0,0,0,0,2,0,0,0,0,0,0,0,0,0,0,0,0,0,0,0,0,0,0,0,0,0,0,0,0,0,0,7,15,0,2,5,0,6,0,65,19,0,0,0,6,0,0,0,0,0,0,0,0,0,0,0,0,14,0,0,0,0,22,0,3,0,0,0,0,0,0,0,0,0,0
c,0,0,0,1,9,0,0,0,0,0,0,0,0,0,0,0,0,0,0,0,0,0,0,0,0,0,0,0,0,0,0,0,0,0,0,0,0,0,0,0,0,0,0,0,0,0,0,0,0,0,0,0,0,0,0,0,0,0,0,0,0,0,0,0,0,0,0,0,0,0,0,0,0,0,0,0,0,0,0,0,0,0,0,0,0,0,0,0,0,0,0,0,0,0,0,0,0,0,0,0,0,0,0,0,0,0,0,0,0,0,0,0,0,0,0,0,0,0,0,0,0,0,0,0,0,0,0,0,0,0,0,0,0,0,0,0,0,0,0,0,0,0,0,0,0,0,0,0,0
c,0,0,0,1,9,0,0,0,0,0,0,0,0,0,0,0,0,0,0,0,0,0,0,0,0,0,0,0,0,0,0,0,0,0,0,0,0,0,0,0,0,0,0,0,0,0,0,0,0,0,0,0,0,0,0,0,0,0,0,0,0,0,0,0,0,0,0,0,0,0,0,0,0,0,0,0,0,0,0,0,0,0,0,0,0,0,0,0,0,0,0,0,0,0,0,0,0,0,0,0,0,0,0,0,0,0,0,0,0,0,0,0,0,0,0,0,0,0,0,0,0,0,0,0,0,0,0,0,0,0,0,0,0,0,0,0,0,0,0,0,0,0,0,0,0,0,0,0,0
c,23,259,1348,23,64,249,249,0,76,22,46,85,9,2,13,13,195,195,0,12,42,0,1,0,0,0,0,26,1,4,8,0,0,0,2,6,1,0,0,6,8,2,0,0,0,0,4,0,4,0,0,0,0,0,5,0,0,1,0,0,3,0,0,0,0,0,0,0,0,0,0,0,0,0,0,0,0,0,0,0,0,0,0,0,0,0,0,0,0,1,0,7,0,1,0,11,9,0,0,0,0,0,0,0,0,3,14,0,16,6,2,0,0,218,11,0,0,0,4,0,0,0,0,0,0,0,0,0,0,0,0,0,4,0,0,0,9,0,0,0,0,0,0,0,0,0,0,0,0
c,3,44,24,7,4,54,54,2,20,14,0,28,0,0,14,14,14,14,6,6,2,0,0,2,0,0,0,18,0,0,0,0,0,5,12,10,0,0,0,17,0,0,0,0,0,8,4,0,0,0,0,0,0,0,0,0,0,5,0,0,0,0,0,0,0,0,0,0,0,0,0,0,0,0,0,0,0,0,0,0,0,0,0,0,0,0,0,0,0,0,0,0,0,0,0,2,0,0,0,0,0,0,0,0,0,0,8,0,0,17,0,2,0,36,3,0,0,0,20,0,0,0,0,0,0,0,0,0,0,0,0,0,0,0,0,0,10,0,0,0,0,0,0,8,0,0,0,0,0
c,0,0,0,1,9,0,0,0,0,0,0,0,0,0,0,0,0,0,0,0,0,0,0,0,0,0,0,0,0,0,0,0,0,0,0,0,0,0,0,0,0,0,0,0,0,0,0,0,0,0,0,0,0,0,0,0,0,0,0,0,0,0,0,0,0,0,0,0,0,0,0,0,0,0,0,0,0,0,0,0,0,0,0,0,0,0,0,0,0,0,0,0,0,0,0,0,0,0,0,0,0,0,0,0,0,0,0,0,0,0,0,0,0,0,0,0,0,0,0,0,0,0,0,0,0,0,0,0,0,0,0,0,0,0,0,0,0,0,0,0,0,0,0,0,0,0,0,0,0
c,1,72,64,113,147,78,78,0,1,0,53,181,2,0,4,4,0,0,0,0,0,0,0,0,0,0,1,234,1,0,0,0,0,0,5,3,0,0,0,6,0,0,0,53,0,60,6,0,7,0,0,0,0,0,0,0,0,3,0,0,0,0,0,0,0,2,0,0,0,0,0,0,0,0,1,0,0,0,5,0,0,0,0,0,0,1,0,1,0,0,0,0,0,0,0,1,2,1,0,0,0,0,0,0,0,2,60,0,2,6,0,0,0,82,56,0,0,1,3,0,0,0,0,0,0,1,0,0,0,0,0,0,0,0,1,0,1,0,0,0,0,0,0,0,0,1,0,0,0
c,3,23,5,4,18,18,18,11,13,4,0,1,0,0,7,7,7,7,0,4,3,0,0,2,0,4,0,14,1,0,0,1,0,0,9,1,0,0,5,7,0,3,0,0,0,0,5,0,0,0,0,1,0,0,0,1,0,0,0,0,0,0,0,0,0,0,0,0,0,0,0,0,0,0,0,0,0,0,0,0,0,0,0,0,0,0,0,0,0,0,0,0,0,0,0,0,0,0,0,0,0,0,0,0,0,0,1,0,4,7,0,0,0,36,1,0,0,1,3,0,0,0,0,0,0,0,0,0,0,0,0,4,0,0,1,0,0,0,0,0,0,0,0,4,1,0,0,0,0
c,0,0,0,1,9,0,0,0,0,0,0,0,0,0,0,0,0,0,0,0,0,0,0,0,0,0,0,0,0,0,0,0,0,0,0,0,0,0,0,0,0,0,0,0,0,0,0,0,0,0,0,0,0,0,0,0,0,0,0,0,0,0,0,0,0,0,0,0,0,0,0,0,0,0,0,0,0,0,0,0,0,0,0,0,0,0,0,0,0,0,0,0,0,0,0,0,0,0,0,0,0,0,0,0,0,0,0,0,0,0,0,0,0,0,0,0,0,0,0,0,0,0,0,0,0,0,0,0,0,0,0,0,0,0,0,0,0,0,0,0,0,0,0,0,0,0,0,0,0
c,6,15,3,6,22,13,13,1,7,5,6,6,1,0,4,4,0,0,0,5,3,0,0,0,0,0,1,6,0,0,0,5,0,0,3,2,2,0,0,8,0,0,0,0,0,0,0,0,0,0,0,0,0,0,0,0,0,2,0,0,0,0,0,0,0,0,0,0,0,0,0,0,0,0,0,0,0,0,0,0,0,0,0,0,0,0,0,0,0,0,0,0,0,0,0,0,0,0,0,0,0,0,0,0,0,0,0,0,2,8,0,0,0,17,0,0,0,0,0,0,0,0,0,0,0,0,0,0,0,0,0,0,0,0,0,0,0,0,0,0,0,0,0,2,1,0,0,0,0
c,1,13,30,8,10,30,30,0,5,4,2,9,0,0,8,8,5,5,0,2,3,0,1,0,0,0,0,0,0,0,0,0,0,0,2,4,0,0,0,16,0,0,0,0,0,0,3,0,3,0,0,0,0,0,0,0,0,0,0,0,0,0,0,0,0,0,0,0,0,0,0,0,0,0,0,0,0,0,0,0,0,0,0,0,0,0,0,0,0,0,0,0,0,0,0,0,1,0,0,0,0,0,0,0,0,0,1,0,2,16,0,0,0,29,0,0,0,0,3,0,0,0,0,0,0,0,0,0,0,0,0,0,0,0,4,0,0,0,0,0,0,0,0,0,0,0,0,0,0
c,3,0,0,1,10,0,0,0,0,0,0,0,0,0,0,0,0,0,0,0,0,0,0,0,0,0,0,0,0,0,0,0,0,0,2,0,0,0,0,0,0,0,0,0,0,0,0,0,0,0,0,0,0,0,0,0,0,0,0,0,0,0,0,0,0,0,0,0,0,0,0,0,0,0,0,0,0,0,0,0,0,0,0,0,0,0,0,0,0,0,0,0,0,0,0,0,0,0,0,0,0,0,0,0,0,0,0,0,2,0,0,0,0,1,0,0,0,0,0,0,0,0,0,0,0,0,0,0,0,0,0,0,0,0,0,0,0,0,0,0,0,0,0,0,0,0,0,0,0
c,3,16,3,1,12,9,9,0,8,2,9,7,0,0,6,6,1,1,0,15,9,0,0,0,0,0,0,6,0,0,0,0,0,0,2,1,1,0,0,5,0,0,0,2,0,0,1,0,1,0,0,0,0,0,0,0,0,0,0,0,0,0,0,0,0,0,0,0,0,0,0,0,0,0,0,0,0,0,0,0,0,0,0,0,0,0,0,0,0,0,0,0,0,0,0,0,1,0,0,0,0,0,0,0,0,0,0,0,2,5,0,0,0,6,15,0,0,0,0,0,0,0,0,0,0,0,0,0,0,0,0,0,0,0,0,0,0,0,0,0,0,4,0,0,0,0,0,0,0
c,0,0,0,1,9,0,0,0,0,0,0,0,0,0,0,0,0,0,0,0,0,0,0,0,0,0,0,0,0,0,0,0,0,0,0,0,0,0,0,0,0,0,0,0,0,0,0,0,0,0,0,0,0,0,0,0,0,0,0,0,0,0,0,0,0,0,0,0,0,0,0,0,0,0,0,0,0,0,0,0,0,0,0,0,0,0,0,0,0,0,0,0,0,0,0,0,0,0,0,0,0,0,0,0,0,0,0,0,0,0,0,0,0,0,0,0,0,0,0,0,0,0,0,0,0,0,0,0,0,0,0,0,0,0,0,0,0,0,0,0,0,0,0,0,0,0,0,0,0
c,3,23,5,4,18,18,18,11,13,4,0,1,0,0,7,7,7,7,0,4,3,0,0,2,0,4,0,14,1,0,0,1,0,0,9,1,0,0,5,7,0,3,0,0,0,0,5,0,0,0,0,1,0,0,0,1,0,0,0,0,0,0,0,0,0,0,0,0,0,0,0,0,0,0,0,0,0,0,0,0,0,0,0,0,0,0,0,0,0,0,0,0,0,0,0,0,0,0,0,0,0,0,0,0,0,0,1,0,4,7,0,0,0,36,1,0,0,1,3,0,0,0,0,0,0,0,0,0,0,0,0,4,0,0,1,0,0,0,0,0,0,0,0,4,1,0,0,0,0
c,4,24,62,4,0,23,23,0,2,0,0,0,1,0,1,1,0,0,0,1,1,0,0,0,0,0,1,86,0,3,0,0,0,0,0,1,0,0,0,1,0,0,0,0,0,0,4,0,0,0,0,0,0,0,0,0,0,2,0,0,0,0,0,0,0,0,0,0,0,0,0,0,0,0,0,0,0,0,0,0,0,0,0,0,0,0,0,0,0,0,0,0,0,0,0,0,0,0,0,0,0,0,0,0,0,32,6,0,4,1,0,0,0,10,19,0,0,0,0,0,0,0,0,0,0,0,0,0,0,0,0,0,0,0,0,0,0,0,0,0,0,0,0,0,0,0,0,0,0
c,0,0,0,1,9,0,0,0,0,0,0,0,0,0,0,0,0,0,0,0,0,0,0,0,0,0,0,0,0,0,0,0,0,0,0,0,0,0,0,0,0,0,0,0,0,0,0,0,0,0,0,0,0,0,0,0,0,0,0,0,0,0,0,0,0,0,0,0,0,0,0,0,0,0,0,0,0,0,0,0,0,0,0,0,0,0,0,0,0,0,0,0,0,0,0,0,0,0,0,0,0,0,0,0,0,0,0,0,0,0,0,0,0,0,0,0,0,0,0,0,0,0,0,0,0,0,0,0,0,0,0,0,0,0,0,0,0,0,0,0,0,0,0,0,0,0,0,0,0
c,1,9,12,2,7,12,12,1,13,12,7,9,1,0,3,3,17,17,2,3,1,0,1,0,0,2,0,0,0,0,0,0,0,0,2,0,1,0,0,4,0,0,0,0,0,0,2,0,1,0,0,0,0,0,1,0,0,1,0,0,0,0,0,0,0,2,0,0,0,0,0,0,0,0,0,0,0,0,0,0,0,0,1,0,0,0,0,0,0,0,0,0,0,0,0,0,0,0,0,0,0,0,0,0,0,0,0,0,1,4,0,0,0,9,0,0,0,0,3,0,0,0,0,0,0,0,0,0,0,0,0,0,0,0,0,0,1,0,0,0,0,0,0,0,0,0,0,0,0
c,0,0,0,1,9,0,0,0,0,0,0,0,0,0,0,0,0,0,0,0,0,0,0,0,0,0,0,0,0,0,0,0,0,0,0,0,0,0,0,0,0,0,0,0,0,0,0,0,0,0,0,0,0,0,0,0,0,0,0,0,0,0,0,0,0,0,0,0,0,0,0,0,0,0,0,0,0,0,0,0,0,0,0,0,0,0,0,0,0,0,0,0,0,0,0,0,0,0,0,0,0,0,0,0,0,0,0,0,0,0,0,0,0,0,0,0,0,0,0,0,0,0,0,0,0,0,0,0,0,0,0,0,0,0,0,0,0,0,0,0,0,0,0,0,0,0,0,0,0
c,2,8,0,0,2,0,0,0,0,0,0,0,0,0,0,0,0,0,1,0,0,0,0,0,0,0,8,0,0,0,0,0,0,0,2,0,0,0,0,7,0,0,0,0,0,0,8,0,1,0,0,0,0,0,0,0,0,0,0,0,0,0,0,0,0,0,0,0,0,0,0,0,0,0,0,0,0,0,0,0,0,0,0,0,0,0,0,0,0,0,0,0,0,0,0,0,0,0,0,0,0,0,0,0,0,0,0,0,9,7,0,0,0,7,0,0,0,0,0,0,0,0,0,0,0,0,0,0,0,0,0,0,0,0,0,0,0,0,0,0,0,0,0,0,0,0,0,0,0
c,3,0,1,9,58,0,0,0,0,0,1,0,0,0,0,0,0,0,0,0,0,0,0,0,0,0,0,0,0,0,0,0,0,0,2,0,0,0,0,0,0,0,0,0,0,0,0,0,0,0,0,2,0,0,0,0,0,0,0,0,0,0,0,0,0,0,0,0,0,0,0,0,0,0,0,0,0,0,0,0,0,0,0,0,0,0,0,0,0,0,0,0,0,0,0,0,0,0,0,0,0,0,0,0,0,3,4,0,2,0,0,0,0,11,5,0,0,1,8,0,0,0,0,0,0,0,0,0,0,0,0,4,0,0,0,0,2,0,0,0,0,0,0,0,0,4,0,0,0
c,0,0,0,1,9,0,0,0,0,0,0,0,0,0,0,0,0,0,0,0,0,0,0,0,0,0,0,0,0,0,0,0,0,0,0,0,0,0,0,0,0,0,0,0,0,0,0,0,0,0,0,0,0,0,0,0,0,0,0,0,0,0,0,0,0,0,0,0,0,0,0,0,0,0,0,0,0,0,0,0,0,0,0,0,0,0,0,0,0,0,0,0,0,0,0,0,0,0,0,0,0,0,0,0,0,0,0,0,0,0,0,0,0,0,0,0,0,0,0,0,0,0,0,0,0,0,0,0,0,0,0,0,0,0,0,0,0,0,0,0,0,0,0,0,0,0,0,0,0
c,0,0,0,1,9,0,0,0,0,0,0,0,0,0,0,0,0,0,0,0,0,0,0,0,0,0,0,0,0,0,0,0,0,0,0,0,0,0,0,0,0,0,0,0,0,0,0,0,0,0,0,0,0,0,0,0,0,0,0,0,0,0,0,0,0,0,0,0,0,0,0,0,0,0,0,0,0,0,0,0,0,0,0,0,0,0,0,0,0,0,0,0,0,0,0,0,0,0,0,0,0,0,0,0,0,0,0,0,0,0,0,0,0,0,0,0,0,0,0,0,0,0,0,0,0,0,0,0,0,0,0,0,0,0,0,0,0,0,0,0,0,0,0,0,0,0,0,0,0
c,0,0,0,1,9,0,0,0,0,0,0,0,0,0,0,0,0,0,0,0,0,0,0,0,0,0,0,0,0,0,0,0,0,0,0,0,0,0,0,0,0,0,0,0,0,0,0,0,0,0,0,0,0,0,0,0,0,0,0,0,0,0,0,0,0,0,0,0,0,0,0,0,0,0,0,0,0,0,0,0,0,0,0,0,0,0,0,0,0,0,0,0,0,0,0,0,0,0,0,0,0,0,0,0,0,0,0,0,0,0,0,0,0,0,0,0,0,0,0,0,0,0,0,0,0,0,0,0,0,0,0,0,0,0,0,0,0,0,0,0,0,0,0,0,0,0,0,0,0
c,0,0,0,1,9,0,0,0,0,0,0,0,0,0,0,0,0,0,0,0,0,0,0,0,0,0,0,0,0,0,0,0,0,0,0,0,0,0,0,0,0,0,0,0,0,0,0,0,0,0,0,0,0,0,0,0,0,0,0,0,0,0,0,0,0,0,0,0,0,0,0,0,0,0,0,0,0,0,0,0,0,0,0,0,0,0,0,0,0,0,0,0,0,0,0,0,0,0,0,0,0,0,0,0,0,0,0,0,0,0,0,0,0,0,0,0,0,0,0,0,0,0,0,0,0,0,0,0,0,0,0,0,0,0,0,0,0,0,0,0,0,0,0,0,0,0,0,0,0
